adresse,postnummer,by,pris,type,kvm,vaerelser,byggeaar,energimaerke,liggetid,afstand_m,afstand_vindm_m,afstand_sol_m,lat,lng,url
Sejlhusene 31,7600,Struer,1245000,Helårsgrund,0,0.0,0,-,1104,19.9,3480.0,369.0,56.49503,8.58702,https://www.boliga.dk/adresse/sejlhusene-31-7600-struer-407211886
Havnevej 12,6320,Egernsund,395000,Helårsgrund,0,0.0,0,-,526,31.8,4768.0,1861.0,54.90739,9.60125,https://www.boliga.dk/adresse/havnevej-12-6320-egernsund-2091206929
Kystvejen 184A,4671,Strøby,8495000,Helårsgrund,0,0.0,0,-,47,35.4,2215.0,7288.0,55.4084,12.27595,https://www.boliga.dk/adresse/kystvejen-184a-4671-stroeby-328631592
"Kelstrupvej 122, Kelstrup",6100,Haderslev,1145000,Fritidsgrund,0,0.0,0,-,19,38.3,2483.0,1387.0,55.19214,9.5838,https://www.boliga.dk/adresse/kelstrupvej-122-6100-haderslev-12076847
"Kystvejen 7B, 2. mf., Strandkanten",4400,Kalundborg,995000,Landejendom,70,2.0,2004,B,427,39.5,1540.0,5306.0,55.69587,11.03277,https://www.boliga.dk/adresse/kystvejen-7b-2-mf-4400-kalundborg-1590139165
"Niels Pedersensvej 51, Mørkholt",7080,Børkop,3595000,Fritidsgrund,33,2.0,1992,-,481,39.8,2137.0,3397.0,55.65168,9.7412,https://www.boliga.dk/adresse/niels-pedersensvej-51-7080-boerkop-2028725917
"Hedelyngen 42, Langø",5390,Martofte,3150000,Fritidsgrund,52,4.0,1957,-,424,41.3,7072.0,14949.0,55.55012,10.61814,https://www.boliga.dk/adresse/hedelyngen-42-5390-martofte-1010895938
"Duevej 19, Mørkholt",7080,Børkop,4995000,Fritidsgrund,69,3.0,1999,-,59,41.8,2067.0,3659.0,55.65501,9.73865,https://www.boliga.dk/adresse/duevej-19-7080-boerkop-536821207
Skodsborg Strandvej 268B,2942,Skodsborg,35000000,Helårsgrund,231,5.0,1979,d,133,43.6,15156.0,3285.0,55.83719,12.57351,https://www.boliga.dk/adresse/skodsborg-strandvej-268b-2942-skodsborg-686420374
"Flensborgvej 160, Styrtom",6200,Aabenraa,750000,Helårsgrund,0,0.0,0,-,81,44.9,5107.0,1074.0,55.02228,9.43088,https://www.boliga.dk/adresse/flensborgvej-160-6200-aabenraa-1249341142
Strandvejen 42,8410,Rønde,6198000,Fritidsgrund,79,3.0,2015,-,224,48.2,536.0,1523.0,56.29608,10.43089,https://www.boliga.dk/adresse/strandvejen-42-8410-roende-1741025228
Hadsundvej 7,9550,Mariager,2700000,Villalejlighed,130,5.0,1880,e,320,50.4,4607.0,8398.0,56.66438,9.99889,https://www.boliga.dk/adresse/hadsundvej-7-9550-mariager-1298871462
Sundvej 29,4780,Stege,801920,Landejendom,61,2.0,1984,B,25,51.3,1090.0,1197.0,54.99253,12.27776,https://www.boliga.dk/adresse/sundvej-29-4780-stege-776628459
"Sæbyvej 109A, Bangsbostrand",9900,Frederikshavn,5350000,Helårsgrund,0,7.0,0,-,299,53.4,933.0,2623.0,57.4117,10.52378,https://www.boliga.dk/adresse/saebyvej-109a-9900-frederikshavn-162737436
Kystvejen 102,4400,Kalundborg,1995000,Helårsgrund,285,6.0,0,-,21,54.3,2478.0,4023.0,55.68717,11.0499,https://www.boliga.dk/adresse/kystvejen-102-4400-kalundborg-1550063225
"Kystvejen 96, Strøby Egede",4600,Køge,5995000,Helårsgrund,0,4.0,0,-,189,55.6,3159.0,7942.0,55.41294,12.262,https://www.boliga.dk/adresse/kystvejen-96-4600-koege-2096233527
"Kystvejen 100, Strøby Egede",4600,Køge,5495000,Helårsgrund,154,5.0,1943,-,155,55.8,3111.0,7909.0,55.41273,12.26272,https://www.boliga.dk/adresse/kystvejen-100-4600-koege-1787390799
Gammel Strandvej 193E,3060,Espergærde,32500000,Helårsgrund,368,10.0,1890,f,609,56.1,6136.0,3070.0,55.98544,12.55345,https://www.boliga.dk/adresse/gammel-strandvej-193e-3060-espergaerde-1328935591
"Fjordvejen 45, Kollund",6340,Kruså,7395000,Villalejlighed,121,3.0,1877,G,56,56.5,5151.0,2056.0,54.84943,9.48327,https://www.boliga.dk/adresse/fjordvejen-45-6340-krusaa-1161413598
Tangvej 16,7600,Struer,1195000,Helårsgrund,0,5.0,0,-,445,60.7,3621.0,2715.0,56.55157,8.61643,https://www.boliga.dk/adresse/tangvej-16-7600-struer-1666888150
"Bjålumvej 19, Nymindegab",6830,Nørre Nebel,2695000,Villa/Parcelhus,0,3.0,0,-,273,60.9,4121.0,1783.0,55.81837,8.19124,https://www.boliga.dk/adresse/bjaalumvej-19-6830-noerre-nebel-71768105
Fjordgade 22,9670,Løgstør,1100000,Helårsgrund,90,2.0,1900,-,455,62.1,2673.0,2361.0,56.96812,9.24921,https://www.boliga.dk/adresse/fjordgade-22-9670-loegstoer-809059168
"Storstrømsvej 22, Guldborg",4862,Guldborg,595000,Fritidshus,132,5.0,1907,G,103,64.6,1549.0,8455.0,54.87273,11.75322,https://www.boliga.dk/adresse/storstroemsvej-22-4862-guldborg-1187219462
Helge Rodes Vej 4B,9900,Frederikshavn,1195000,Helårsgrund,0,0.0,0,-,410,64.9,854.0,2354.0,57.40922,10.52327,https://www.boliga.dk/adresse/helge-rodes-vej-4b-9900-frederikshavn-1317528508
Vænget 41,3630,Jægerspris,11300000,Villalejlighed,347,5.0,1777,b,32,66.3,4274.0,4610.0,55.87005,11.99844,https://www.boliga.dk/adresse/vaenget-41-3630-jaegerspris-360818339
Illerstrandvej 28,6310,Broager,2495000,Helårsgrund,0,0.0,0,-,32,68.2,998.0,2249.0,54.87124,9.64831,https://www.boliga.dk/adresse/illerstrandvej-28-6310-broager-1592204396
"Kystvejen 31C, Hou",9370,Hals,875000,Helårsgrund,0,0.0,0,-,54,68.3,4888.0,6293.0,57.05985,10.37615,https://www.boliga.dk/adresse/kystvejen-31c-9370-hals-1117371052
"Klintevej 4, Spodsbjerg",5900,Rudkøbing,495000,Helårsgrund,0,0.0,0,-,1544,68.4,3069.0,4967.0,54.92894,10.82789,https://www.boliga.dk/adresse/klintevej-4-5900-rudkoebing-916710003
Skomagerstræde 3,3770,Allinge,595000,Villa/Parcelhus,67,5.0,1848,G,8,69.6,6437.0,1333.0,55.2771,14.80202,https://www.boliga.dk/adresse/skomagerstraede-3-3770-allinge-702673755
Præstegårdsvej 6,4660,Store Heddinge,13995000,Villalejlighed,331,8.0,2022,J,262,72.1,1367.0,10182.0,55.27552,12.438,https://www.boliga.dk/adresse/praestegaardsvej-6-4660-store-heddinge-1692662945
Pallesdamvej 17,7840,Højslev,4995000,Villalejlighed,260,8.0,1901,c,175,72.9,5338.0,3633.0,56.59567,9.09268,https://www.boliga.dk/adresse/pallesdamvej-17-7840-hoejslev-408979686
"Brinken 75, Strøby Egede",4600,Køge,3295000,Helårsgrund,0,0.0,0,-,714,73.7,3028.0,7838.0,55.4122,12.26365,https://www.boliga.dk/adresse/brinken-75-4600-koege-2119776935
Sundgade 39A,6320,Egernsund,695000,Villa/Parcelhus,115,4.0,1967,-,159,74.4,5003.0,1462.0,54.905,9.60589,https://www.boliga.dk/adresse/sundgade-39a-6320-egernsund-424243507
Havnegade 15,7790,Thyholm,1200000,Fritidsgrund,0,0.0,0,-,882,78.7,1252.0,442.0,56.65123,8.63313,https://www.boliga.dk/adresse/havnegade-15-7790-thyholm-664047
"Kristoffervejen 56, pcl. 5., Elsegårde",8400,Ebeltoft,725000,Fritidsgrund,5,2.0,0,-,251,78.9,1201.0,8702.0,56.14429,10.71557,https://www.boliga.dk/adresse/kristoffervejen-56-8400-ebeltoft-172516447
Strandparken 27d,4941,Bandholm,245700,Helårsgrund,0,0.0,0,-,1102,80.0,3011.0,11376.0,54.83877,11.48087,https://www.boliga.dk/adresse/strandparken-27d-4941-bandholm-614683525
"Svanevej 4A, Hjarbæk",8831,Løgstrup,2350000,Fritidsgrund,0,0.0,0,-,417,80.2,3171.0,2457.0,56.52926,9.31835,https://www.boliga.dk/adresse/svanevej-4a-8831-loegstrup-1943795
"Svanevej 4A, Hjarbæk",8831,Løgstrup,2350000,Fritidsgrund,0,0.0,0,-,249,80.2,3171.0,2457.0,56.52926,9.31835,https://www.boliga.dk/adresse/svanevej-4a-8831-loegstrup-2130978506
Strandparken 27a,4941,Bandholm,227600,Helårsgrund,0,0.0,0,-,1102,82.2,2949.0,11292.0,54.83845,11.4821,https://www.boliga.dk/adresse/strandparken-27a-4941-bandholm-39492401
"Brinken 57A, Strøby Egede",4600,Køge,3295000,Helårsgrund,78,4.0,1963,-,315,84.4,3219.0,7974.0,55.41308,12.26085,https://www.boliga.dk/adresse/brinken-57a-4600-koege-646282852
Sundvej 53,4780,Stege,1113079,Landejendom,102,3.0,1985,K,50,84.5,1035.0,1157.0,54.99302,12.27783,https://www.boliga.dk/adresse/sundvej-53-4780-stege-1481429921
"Bundgarnet 121, Råbylille",4780,Stege,5495000,Villalejlighed,182,5.0,1908,K,324,84.8,2604.0,7613.0,54.96409,12.4069,https://www.boliga.dk/adresse/bundgarnet-121-4780-stege-1634518671
"Brogade 6H, 1.",4990,Sakskøbing,275000,Landejendom,64,1.0,1991,C,56,86.2,1154.0,2650.0,54.80072,11.63651,https://www.boliga.dk/adresse/brogade-6h-1-4990-sakskoebing-263227691
Kystvej 29,3210,Vejby,23950000,Fritidsgrund,53,4.0,1937,-,6,89.4,4827.0,1853.0,56.07703,12.11089,https://www.boliga.dk/adresse/kystvej-29-3210-vejby-328166040
"Halevejen 6, Ristinge",5932,Humble,545000,Helårsgrund,0,0.0,0,-,314,89.7,3713.0,5829.0,54.83454,10.61206,https://www.boliga.dk/adresse/halevejen-6-5932-humble-5438650
Strandgade 1,5600,Faaborg,1550000,Tvangsauktion,0,5.0,1775,-,83,90.0,7562.0,10460.0,55.09497,10.24158,https://www.boliga.dk/adresse/strandgade-1-5600-faaborg-272042219
Østerøvej 42,5800,Nyborg,2995000,Helårsgrund,0,6.0,0,-,219,91.5,8236.0,7101.0,55.31364,10.8145,https://www.boliga.dk/adresse/oesteroevej-42-5800-nyborg-286931532
Nordre Strandvej 24,3220,Tisvildeleje,21500000,Fritidsgrund,60,3.0,1939,-,33,91.6,5773.0,2969.0,56.06987,12.09403,https://www.boliga.dk/adresse/nordre-strandvej-24-3220-tisvildeleje-239121302
Strandvejen 28,7600,Struer,750000,Helårsgrund,0,,0,-,14,91.7,3542.0,201.0,56.49359,8.58612,https://www.boliga.dk/adresse/strandvejen-28-7600-struer-1783558453
Kystvejen 60,4600,Køge,4965000,Helårsgrund,0,4.0,1996,-,381,92.9,3507.0,8178.0,55.41436,12.25662,https://www.boliga.dk/adresse/kystvejen-60-4600-koege-1741179580
"Sundvej 52, Hvalpsund",9640,Farsø,645000,Helårsgrund,0,0.0,0,-,54,93.0,4148.0,475.0,56.70123,9.19953,https://www.boliga.dk/adresse/sundvej-52-9640-farsoe-1234878344
Sandvigsvej 12,2670,Greve,8700000,Helårsgrund,47,3.0,1935,-,165,94.8,5991.0,1977.0,55.58244,12.3158,https://www.boliga.dk/adresse/sandvigsvej-12-2670-greve-1733532056
Island 7,6320,Egernsund,345000,Helårsgrund,0,0.0,0,-,273,95.4,5370.0,1660.0,54.91041,9.61458,https://www.boliga.dk/adresse/island-7-6320-egernsund-2053983183
Vægtergade 3,9670,Løgstør,475000,Fritidshus,72,2.0,1881,D,110,96.2,2598.0,2300.0,56.96747,9.2488,https://www.boliga.dk/adresse/vaegtergade-3-9670-loegstoer-2116708010
Hedevej 9,2680,Solrød Strand,9995000,Helårsgrund,135,3.0,1998,d,203,96.4,3706.0,2464.0,55.532,12.22849,https://www.boliga.dk/adresse/hedevej-9-2680-solroed-strand-1880463166
"Vibevej 40, Ulvshale",4780,Stege,585000,Fritidshus,31,2.0,1960,-,35,96.5,1882.0,3893.0,55.03611,12.28515,https://www.boliga.dk/adresse/vibevej-40-4780-stege-1178979011
Vestergade 43,7620,Lemvig,595000,Helårsgrund,0,0.0,0,-,95,99.2,2134.0,3011.0,56.54933,8.30306,https://www.boliga.dk/adresse/vestergade-43-7620-lemvig-963823238
"Dæmningen 4, Hovsør",7700,Thisted,475000,Fritidshus,159,4.0,1973,C,214,100.4,534.0,1469.0,56.99453,8.832,https://www.boliga.dk/adresse/daemningen-4-7700-thisted-209542178
"Mikkels Banke 9, Karrebæk",4736,Karrebæksminde,1495000,Helårsgrund,73,4.0,1996,-,466,100.6,3411.0,8719.0,55.19004,11.65599,https://www.boliga.dk/adresse/mikkels-banke-9-4736-karrebaeksminde-974535323
Havne Alle 27,7600,Struer,595000,Villa/Parcelhus,106,3.0,1898,D,64,101.0,3552.0,207.0,56.49383,8.58497,https://www.boliga.dk/adresse/havne-alle-27-7600-struer-142104531
Strandgade 2,5935,Bagenkop,595000,Fritidshus,104,4.0,1850,G,26,101.3,1071.0,5987.0,54.74964,10.67157,https://www.boliga.dk/adresse/strandgade-2-5935-bagenkop-1278634229
"Kisserup Strand Vest 38, Kisserup",4300,Holbæk,1495000,Fritidsgrund,0,0.0,0,-,33,102.1,2257.0,2206.0,55.7901,11.71875,https://www.boliga.dk/adresse/kisserup-strand-vest-38-4300-holbaek-2043354530
"Nøddestien 9, Slude Strand",5871,Frørup,1645000,Fritidsgrund,0,0.0,0,-,783,103.2,2006.0,1189.0,55.24756,10.80196,https://www.boliga.dk/adresse/noeddestien-9-5871-froerup-1273860867
Klydevej 11B,8410,Rønde,3895000,Fritidsgrund,0,0.0,0,-,49,103.9,698.0,947.0,56.2931,10.44844,https://www.boliga.dk/adresse/klydevej-11b-8410-roende-660319308
Askø Strandvig 142,4942,Askø,295000,Fritidshus,26,2.0,1972,-,57,105.1,8729.0,7196.0,54.89359,11.50294,https://www.boliga.dk/adresse/askoe-strandvig-142-4942-askoe-1227251232
Langøvej 521,5390,Martofte,7995000,Villalejlighed,270,9.0,1905,b,3,105.8,9816.0,15595.0,55.57325,10.60282,https://www.boliga.dk/adresse/langoevej-521-5390-martofte-1007716707
Hvirpgade 26,7884,Fur,625000,Fritidshus,171,5.0,1933,c,27,106.5,2459.0,8942.0,56.82049,9.0308,https://www.boliga.dk/adresse/hvirpgade-26-7884-fur-1150473289
"Remmerstrandvej 64, Gudum",7620,Lemvig,245000,Fritidsgrund,0,0.0,1979,-,1028,108.8,2697.0,9507.0,56.55406,8.47843,https://www.boliga.dk/adresse/remmerstrandvej-64-7620-lemvig-304242131
Livøvej 129,9681,Ranum,595000,Helårsgrund,0,0.0,0,-,21,109.3,1224.0,3255.0,56.88961,9.16746,https://www.boliga.dk/adresse/livoevej-129-9681-ranum-202375590
Østerbrogade 59,5600,Faaborg,2300000,Tvangsauktion,211,0.0,1896,,26,111.5,7383.0,9785.0,55.09127,10.25083,https://www.boliga.dk/adresse/oesterbrogade-59-5600-faaborg-11820231
Masnedøvej 13,4760,Vordingborg,695000,Villa/Parcelhus,70,3.0,1938,D,154,111.6,5743.0,3067.0,54.99221,11.88955,https://www.boliga.dk/adresse/masnedoevej-13-4760-vordingborg-544793940
Vestermark 23,4862,Guldborg,695000,Villa/Parcelhus,96,4.0,1830,g,35,113.1,5303.0,8675.0,54.89918,11.63855,https://www.boliga.dk/adresse/vestermark-23-4862-guldborg-1005152087
Rungsted Strandvej 91,2960,Rungsted Kyst,12500000,Helårsgrund,0,4.0,0,-,33,114.6,14979.0,3752.0,55.87917,12.54543,https://www.boliga.dk/adresse/rungsted-strandvej-91-2960-rungsted-kyst-1393644339
"Randkløvevej 28, Saltuna",3751,Østermarie,6850000,Villa/Parcelhus,201,5.0,1877,B,466,114.8,1351.0,3417.0,55.17236,15.03391,https://www.boliga.dk/adresse/randkloevevej-28-3751-oestermarie-47313250
"Ørhagevej 179, Klitmøller",7700,Thisted,4995000,Helårsgrund,0,0.0,0,-,119,115.0,7124.0,11293.0,57.04372,8.47888,https://www.boliga.dk/adresse/oerhagevej-179-7700-thisted-1268846488
"Søby Strandvej 31, Søby",8300,Odder,5198000,Villalejlighed,170,5.0,1890,B,64,115.1,158.0,4729.0,55.88852,10.20679,https://www.boliga.dk/adresse/soeby-strandvej-31-8300-odder-287431861
Hunsballevej 67D,7600,Struer,1195000,Helårsgrund,0,0.0,0,-,1673,115.8,2297.0,2020.0,56.48171,8.61168,https://www.boliga.dk/adresse/hunsballevej-67d-7600-struer-568953355
Hunsballevej 67A,7600,Struer,995000,Helårsgrund,0,0.0,0,-,1673,115.8,2297.0,2020.0,56.48171,8.61168,https://www.boliga.dk/adresse/hunsballevej-67a-7600-struer-1213875823
Hunsballevej 67C,7600,Struer,1295000,Helårsgrund,0,0.0,0,-,1673,115.8,2297.0,2020.0,56.48171,8.61168,https://www.boliga.dk/adresse/hunsballevej-67c-7600-struer-581526029
"Præstegårdsvej 16, Tæbring",7900,Nykøbing M,595000,Fritidshus,153,5.0,1975,D,32,116.6,1499.0,5739.0,56.79083,8.61551,https://www.boliga.dk/adresse/praestegaardsvej-16-7900-nykoebing-m-1717276498
"Thissingvej 39, Thissinghus",7970,Redsted M,495000,Fritidshus,204,8.0,1857,G,2763,117.0,1676.0,5004.0,56.7189,8.62935,https://www.boliga.dk/adresse/thissingvej-39-7970-redsted-m-889665868
Storegade 7+9,9560,Hadsund,650000,Villa/Parcelhus,0,14.0,1933,G,621,117.7,2244.0,2297.0,56.7154,10.11303,https://www.boliga.dk/adresse/storegade-7--9-9560-hadsund-2058367337
Rosenvej 6,7900,Nykøbing M,795000,Helårsgrund,0,0.0,0,-,62,119.4,2288.0,2157.0,56.80468,8.87355,https://www.boliga.dk/adresse/rosenvej-6-7900-nykoebing-m-739239782
"Fiskervænget 10A, Dyreborg",5600,Faaborg,4100000,Helårsgrund,0,0.0,0,-,2460,120.4,5533.0,11994.0,55.06885,10.21176,https://www.boliga.dk/adresse/fiskervaenget-10a-5600-faaborg-211566180
"Nykøbingvej 47M, Audebo",4300,Holbæk,495000,Fritidshus,29,2.0,1968,-,40,123.7,1916.0,4127.0,55.77252,11.62518,https://www.boliga.dk/adresse/nykoebingvej-47m-4300-holbaek-1704607207
Kystvejen 14,5985,Søby Ærø,1995000,Helårsgrund,0,0.0,0,-,528,124.4,9168.0,1745.0,54.94256,10.25191,https://www.boliga.dk/adresse/kystvejen-14-5985-soeby-aeroe-254633487
Jernbanevej 18 1 tv,4720,Præstø,314000,Landejendom,78,3.0,2004,B,47,126.4,1986.0,1060.0,55.12173,12.03563,https://www.boliga.dk/adresse/jernbanevej-18-1-tv-4720-praestoe-1580224876
"Kongsdalparken 20, Assens",9550,Mariager,1095000,Helårsgrund,0,0.0,0,-,2761,127.0,2945.0,6496.0,56.68203,10.07254,https://www.boliga.dk/adresse/kongsdalparken-20-9550-mariager-5150197
Bakkevænget 2,3210,Vejby,6500000,Fritidsgrund,0,0.0,0,-,63,128.1,3977.0,1170.0,56.08443,12.13008,https://www.boliga.dk/adresse/bakkevaenget-2-3210-vejby-1858472387
"Agerøvej 18, V Hvidbjerg",7960,Karby,2995000,Villa/Parcelhus,277,7.0,1870,C,412,128.9,1683.0,6523.0,56.73291,8.58124,https://www.boliga.dk/adresse/ageroevej-18-7960-karby-1227622708
Gyldenbjergvænget 24,4983,Dannemare,595000,Fritidsgrund,0,0.0,0,-,17,129.6,830.0,5981.0,54.72415,11.1768,https://www.boliga.dk/adresse/gyldenbjergvaenget-24-4983-dannemare-1945458043
"Fr.Olsensvej 8, Allerup",4300,Holbæk,3495000,Helårsgrund,0,2.0,0,-,7,132.9,3878.0,291.0,55.7144,11.66848,https://www.boliga.dk/adresse/frolsensvej-8-4300-holbaek-780967396
Solsbækvej 61D,9300,Sæby,4500000,Helårsgrund,0,,0,-,14,133.1,2846.0,1274.0,57.32256,10.52554,https://www.boliga.dk/adresse/solsbaekvej-61d-9300-saeby-1181096288
Norsmindevej 166,8340,Malling,16800000,Villalejlighed,227,8.0,1900,C,60,133.4,2510.0,7853.0,56.02736,10.25311,https://www.boliga.dk/adresse/norsmindevej-166-8340-malling-2089101882
"Melsted Langgade 39A+B+C, Melsted",3760,Gudhjem,2750000,Helårsgrund,0,3.0,0,-,1545,134.4,2734.0,8622.0,55.20654,14.97797,https://www.boliga.dk/adresse/melsted-langgade-39-3760-gudhjem-923966408
"Kongsdalparken 77, Assens",9550,Mariager,1495000,Helårsgrund,0,0.0,0,-,2749,134.6,2905.0,6488.0,56.68256,10.07052,https://www.boliga.dk/adresse/kongsdalparken-77-9550-mariager-1268779711
Korsebøllevej 16,5953,Tranekær,6995000,Villalejlighed,96,5.0,1822,K,7,134.9,2021.0,9034.0,55.01611,10.82856,https://www.boliga.dk/adresse/korseboellevej-16-5953-tranekaer-1243333727
"Varnæshoved 4, Varnæs",6200,Aabenraa,9995000,Villalejlighed,225,9.0,1882,D,445,135.4,2979.0,8853.0,55.0426,9.57704,https://www.boliga.dk/adresse/varnaeshoved-4-6200-aabenraa-99248468
Brogade 36,9670,Løgstør,500000,Villa/Parcelhus,114,5.0,1930,c,209,137.5,2675.0,5731.0,57.00376,9.29089,https://www.boliga.dk/adresse/brogade-36-9670-loegstoer-1981791059
Brinken 110,4600,Køge,2395000,Helårsgrund,60,3.0,1964,-,160,139.8,2587.0,7493.0,55.40967,12.26916,https://www.boliga.dk/adresse/brinken-110-4600-koege-1209770282
Sommervej 20C,7900,Nykøbing M,1345000,Helårsgrund,0,0.0,0,-,1538,142.0,2948.0,3016.0,56.78084,8.8595,https://www.boliga.dk/adresse/sommervej-20c-7900-nykoebing-m-395960363
Solsbækvej 61B,9300,Sæby,4500000,Helårsgrund,0,,0,-,12,142.5,2844.0,1304.0,57.3229,10.52527,https://www.boliga.dk/adresse/solsbaekvej-61b-9300-saeby-5812022
"Løvdalsvej 9, Stinesminde",9500,Hobro,6895000,Villa/Parcelhus,256,6.0,1987,D,315,142.7,3864.0,7130.0,56.67093,9.96787,https://www.boliga.dk/adresse/loevdalsvej-9-9500-hobro-2107341353
Strandparken 4,6950,Ringkøbing,1795000,Helårsgrund,0,0.0,0,-,424,142.8,2175.0,2231.0,56.07583,8.26823,https://www.boliga.dk/adresse/strandparken-4-6950-ringkoebing-183337543
Langgade 72,4874,Gedser,395000,Fritidshus,147,4.0,1908,D,84,145.1,4064.0,531.0,54.57289,11.93235,https://www.boliga.dk/adresse/langgade-72-4874-gedser-1195412300
Askø Skolevej 4,4942,Askø,299000,Fritidshus,126,5.0,1860,-,668,145.6,7951.0,6299.0,54.89832,11.49157,https://www.boliga.dk/adresse/askoe-skolevej-4-4942-askoe-1755869744
Granbakken 4,4070,Kirke Hyllinge,1645000,Helårsgrund,55,3.0,1973,-,3,146.2,3320.0,443.0,55.68792,11.94955,https://www.boliga.dk/adresse/granbakken-4-4070-kirke-hyllinge-2095068267
Solsbækvej 61C,9300,Sæby,4500000,Helårsgrund,590,8.0,1960,f,10,147.0,2836.0,1283.0,57.3227,10.52526,https://www.boliga.dk/adresse/solsbaekvej-61c-9300-saeby-513218031
Bredgade 4,5935,Bagenkop,675000,Villa/Parcelhus,160,6.0,1848,D,721,147.3,1025.0,6016.0,54.74927,10.67191,https://www.boliga.dk/adresse/bredgade-4-5935-bagenkop-848632162
Søndergade 11,4900,Nakskov,695000,Villa/Parcelhus,84,11.0,1864,c,5,148.1,2339.0,1716.0,54.83004,11.13709,https://www.boliga.dk/adresse/soendergade-11-4900-nakskov-256680844
Nansbovej 15,9990,Skagen,10000000,Fritidsgrund,50,4.0,1971,-,613,148.3,2171.0,3017.0,57.73151,10.53131,https://www.boliga.dk/adresse/nansbovej-15-9990-skagen-1776711420
"Sylowsvej 37, 2., Korsør C.",4220,Korsør,575000,Landejendom,79,3.0,1904,D,106,148.7,2439.0,2336.0,55.3294,11.13445,https://www.boliga.dk/adresse/sylowsvej-37-2-4220-korsoer-1344793849
Jernbanegade 7,9670,Løgstør,575000,Helårsgrund,0,0.0,0,-,1769,148.8,2585.0,2332.0,56.96851,9.25389,https://www.boliga.dk/adresse/jernbanegade-7-9670-loegstoer-1075093857
"Sofievej 8, Dejret",8420,Knebel,1495000,Fritidsgrund,0,0.0,0,-,312,149.5,7970.0,7576.0,56.19156,10.36349,https://www.boliga.dk/adresse/sofievej-8-8420-knebel-1041852083
Villingebæk Strandvej 555,3100,Hornbæk,6800000,Fritidsgrund,0,5.0,0,-,21,149.7,4412.0,11268.0,56.096,12.41467,https://www.boliga.dk/adresse/villingebaek-strandvej-555-3100-hornbaek-841504816
"Toldbodgade 17, st.. 3.",4800,Nykøbing F,750000,Landejendom,112,3.0,1877,C,96,151.0,3666.0,1829.0,54.76685,11.86605,https://www.boliga.dk/adresse/toldbodgade-17-st-3-4800-nykoebing-f-1668171676
Boels Bro 24,5330,Munkebo,495000,Fritidshus,37,3.0,1950,-,256,151.2,838.0,8375.0,55.47422,10.56836,https://www.boliga.dk/adresse/boels-bro-24-5330-munkebo-1621122822
"Vester Fælled 202, I6., Bork Havn",6893,Hemmet,525000,Fritidshus,45,3.0,1979,-,313,151.7,3116.0,848.0,55.84509,8.27768,https://www.boliga.dk/adresse/vester-faelled-202-6893-hemmet-122978471
Strandparken 11,6950,Ringkøbing,1495000,Helårsgrund,0,0.0,0,-,445,154.3,2185.0,2232.0,56.0756,8.26893,https://www.boliga.dk/adresse/strandparken-11-6950-ringkoebing-961336065
Svinget 10,6320,Egernsund,495000,Helårsgrund,0,0.0,0,-,1310,155.0,5331.0,1690.0,54.90933,9.60944,https://www.boliga.dk/adresse/svinget-10-6320-egernsund-280388352
Klosterbugten 6A,7900,Nykøbing M,1195000,Helårsgrund,0,4.0,0,-,572,155.0,2371.0,2444.0,56.78517,8.85426,https://www.boliga.dk/adresse/klosterbugten-6a-7900-nykoebing-m-785572582
"Kystvej 24, Tørslev Hage",3630,Jægerspris,650000,Fritidsgrund,0,0.0,1960,-,37,158.1,3763.0,3346.0,55.81101,12.0437,https://www.boliga.dk/adresse/kystvej-24-3630-jaegerspris-740045794
"Kongsdalparken 46, Assens",9550,Mariager,1195000,Helårsgrund,0,0.0,0,-,2758,158.8,2935.0,6508.0,56.68223,10.07111,https://www.boliga.dk/adresse/kongsdalparken-46-9550-mariager-15185778
Uhlendorffs Alle 2,4581,Rørvig,1100000,Helårsgrund,0,0.0,0,-,231,159.5,4343.0,6380.0,55.9455,11.76213,https://www.boliga.dk/adresse/uhlendorffs-alle-2-4581-roervig-91479029
Gartnerparken 7,6320,Egernsund,495000,Villa/Parcelhus,140,4.0,1887,-,118,159.7,4956.0,1575.0,54.90585,9.60486,https://www.boliga.dk/adresse/gartnerparken-7-6320-egernsund-906708580
"Kongsdalparken 75, Assens",9550,Mariager,1195000,Helårsgrund,0,0.0,0,-,2749,160.3,2932.0,6511.0,56.6823,10.07068,https://www.boliga.dk/adresse/kongsdalparken-75-9550-mariager-159209761
Moseholmen 7,4400,Kalundborg,995000,Fritidsgrund,0,2.0,0,-,271,162.6,1030.0,4446.0,55.59875,11.14327,https://www.boliga.dk/adresse/moseholmen-7-4400-kalundborg-658671390
Strandstien 14,4281,Gørlev,1850000,Fritidsgrund,20,1.0,1942,-,423,162.7,2396.0,1714.0,55.54699,11.15485,https://www.boliga.dk/adresse/strandstien-14-4281-goerlev-1453615383
"Vordingborg Landevej 32, V Egesborg",4700,Næstved,995000,Helårsgrund,0,4.0,0,-,526,163.8,3675.0,3449.0,55.14001,11.81852,https://www.boliga.dk/adresse/vordingborg-landevej-32-4700-naestved-1721052193
Jernbanegade 11,9560,Hadsund,450000,Helårsgrund,0,0.0,0,-,812,164.2,2626.0,2085.0,56.71748,10.11824,https://www.boliga.dk/adresse/jernbanegade-11-9560-hadsund-1897254789
Guldborghave 106,4862,Guldborg,120000,Helårsgrund,0,0.0,0,-,603,165.6,2285.0,7804.0,54.87098,11.74215,https://www.boliga.dk/adresse/guldborghave-106-4862-guldborg-113537610
Skrænten 7,4600,Køge,2395000,Helårsgrund,60,4.0,1965,-,129,166.8,2903.0,7700.0,55.41101,12.26428,https://www.boliga.dk/adresse/skraenten-7-4600-koege-325779136
Greve Strandvej 96,2670,Greve,6500000,Helårsgrund,88,10.0,0,-,133,167.3,5108.0,2578.0,55.57709,12.29755,https://www.boliga.dk/adresse/greve-strandvej-96-2670-greve-409873515
"Snabevej 7, Sverdrup",6100,Haderslev,595000,Helårsgrund,90,4.0,1877,-,183,169.5,4292.0,6841.0,55.26971,9.60329,https://www.boliga.dk/adresse/snabevej-7-6100-haderslev-233618702
Skårupøre Strandvej 133,5881,Skårup Fyn,995000,Helårsgrund,0,3.0,0,-,154,170.5,2758.0,946.0,55.07678,10.74639,https://www.boliga.dk/adresse/skaarupoere-strandvej-133-5881-skaarup-fyn-1466118223
Ny Vordingborgvej 47,4771,Kalvehave,620000,Fritidshus,150,3.0,1960,G,179,171.7,2508.0,4141.0,54.99746,12.15726,https://www.boliga.dk/adresse/ny-vordingborgvej-47-4771-kalvehave-2106991568
"Halsebyvej 30B, Svenstrup",4220,Korsør,725000,Helårsgrund,0,0.0,0,-,148,172.7,2447.0,2341.0,55.35611,11.17225,https://www.boliga.dk/adresse/halsebyvej-30b-4220-korsoer-224521311
"Vesterskovsvej 33, Ommel",5960,Marstal,4695000,Villalejlighed,188,7.0,1925,G,61,172.8,7446.0,3358.0,54.88378,10.46739,https://www.boliga.dk/adresse/vesterskovsvej-33-5960-marstal-559372176
Ved Stranden 72,9560,Hadsund,399000,Helårsgrund,0,0.0,0,-,1985,173.6,3090.0,2087.0,56.7185,10.12567,https://www.boliga.dk/adresse/ved-stranden-72-9560-hadsund-767545023
"Kompasvej 7, Sillerslev",7990,Øster Assels,495000,Villa/Parcelhus,124,4.0,1976,D,27,173.9,1548.0,7490.0,56.68387,8.73206,https://www.boliga.dk/adresse/kompasvej-7-7990-oester-assels-1424351327
"Kongsdalparken 24, Assens",9550,Mariager,895000,Helårsgrund,0,0.0,0,-,2761,175.2,3002.0,6549.0,56.6815,10.07262,https://www.boliga.dk/adresse/kongsdalparken-24-9550-mariager-1263353904
"Jægersborgvej 1B, Sjolte",4733,Tappernøje,995000,Helårsgrund,0,0.0,0,-,175,177.2,4388.0,3297.0,55.16469,12.02337,https://www.boliga.dk/adresse/jaegersborgvej-1b-4733-tappernoeje-1133986119
"Vester Fælled 156, F9., Bork Havn",6893,Hemmet,585000,Fritidshus,44,3.0,1979,-,84,178.7,3058.0,812.0,55.8454,8.27844,https://www.boliga.dk/adresse/vester-faelled-156-6893-hemmet-1897157632
Havnevejen 14,5985,Søby Ærø,695000,Fritidshus,190,5.0,1900,d,54,179.2,9481.0,1253.0,54.93982,10.25844,https://www.boliga.dk/adresse/havnevejen-14-5985-soeby-aeroe-1030382795
"Kongsdalparken 44, Assens",9550,Mariager,1095000,Helårsgrund,0,0.0,0,-,2761,179.6,2962.0,6532.0,56.68198,10.07118,https://www.boliga.dk/adresse/kongsdalparken-44-9550-mariager-157818560
Fægangsvej 11D st 106,8585,Glesborg,475000,Fritidshus,43,2.0,1976,-,118,179.9,729.0,8691.0,56.52921,10.70823,https://www.boliga.dk/adresse/faegangsvej-11d-st-106-8585-glesborg-1491864309
"Fægangsvej 11D, 1. 202., Bønnerup Strand",8585,Glesborg,430000,Fritidshus,47,2.0,1976,C,526,179.9,729.0,8691.0,56.52921,10.70823,https://www.boliga.dk/adresse/faegangsvej-11d-1-202-8585-glesborg-305534158
"Fægangsvej 11D, st.. 110., Bønnerup Strand",8585,Glesborg,460000,Fritidshus,43,2.0,1976,-,1553,179.9,729.0,8691.0,56.52921,10.70823,https://www.boliga.dk/adresse/faegangsvej-11d-st-110-8585-glesborg-965711118
"Hyacintvej 20, Næsby Strand",4200,Slagelse,1795000,Fritidsgrund,30,2.0,1944,-,13,180.2,2256.0,7241.0,55.39729,11.21766,https://www.boliga.dk/adresse/hyacintvej-20-4200-slagelse-637120184
"Smedegade 18A, Lohals",5953,Tranekær,395000,Fritidsgrund,0,0.0,0,-,516,180.7,4698.0,3083.0,55.13676,10.90507,https://www.boliga.dk/adresse/smedegade-18a-5953-tranekaer-2006400096
Ved Stranden 74,9560,Hadsund,399000,Helårsgrund,0,0.0,0,-,1985,180.9,3109.0,2081.0,56.71861,10.12592,https://www.boliga.dk/adresse/ved-stranden-74-9560-hadsund-2068445997
Varnæsvej 82,6200,Aabenraa,1250000,Helårsgrund,0,0.0,0,-,929,183.0,5716.0,2586.0,55.01489,9.45178,https://www.boliga.dk/adresse/varnaesvej-82-6200-aabenraa-688763423
Harresvej 10,5935,Bagenkop,695000,Villa/Parcelhus,179,5.0,1900,e,159,184.5,698.0,6325.0,54.74619,10.6721,https://www.boliga.dk/adresse/harresvej-10-5935-bagenkop-927287081
"Hovedgade 28, Snogebæk",3730,Nexø,1195000,Fritidsgrund,0,0.0,0,-,68,184.5,1332.0,3548.0,55.02439,15.11537,https://www.boliga.dk/adresse/hovedgade-28-3730-nexoe-1416588225
Gyldenbjergvænget 28,4983,Dannemare,395000,Fritidsgrund,0,0.0,0,-,229,185.2,774.0,5946.0,54.72457,11.17731,https://www.boliga.dk/adresse/gyldenbjergvaenget-28-4983-dannemare-1542159825
Borgnæs Grønvej 5,5970,Ærøskøbing,5145000,Villalejlighed,225,6.0,1896,K,80,185.5,4306.0,1750.0,54.88492,10.36791,https://www.boliga.dk/adresse/borgnaes-groenvej-5-5970-aeroeskoebing-1982641287
"Bredeshave Strand 14, Gammel Tappernøje",4733,Tappernøje,1195000,Helårsgrund,0,0.0,0,-,897,185.7,2938.0,1604.0,55.15053,12.00979,https://www.boliga.dk/adresse/bredeshave-strand-14-4733-tappernoeje-499004899
"Reedtzholmvej 196, Enø",4736,Karrebæksminde,1495000,Fritidsgrund,0,0.0,0,-,68,185.9,4401.0,9950.0,55.17251,11.6691,https://www.boliga.dk/adresse/reedtzholmvej-196-4736-karrebaeksminde-1289289831
Niels Klarskovsvej 6,4070,Kirke Hyllinge,995000,Fritidsgrund,0,0.0,0,-,622,186.8,3410.0,5841.0,55.69089,11.84138,https://www.boliga.dk/adresse/niels-klarskovsvej-6-4070-kirke-hyllinge-1040632727
Askø Strandvig 238,4942,Askø,225000,Fritidsgrund,0,0.0,0,-,103,187.7,8619.0,7653.0,54.89088,11.50828,https://www.boliga.dk/adresse/askoe-strandvig-238-4942-askoe-1828839923
"Kongsdalparken 73, Assens",9550,Mariager,995000,Helårsgrund,0,0.0,0,-,2749,188.3,2960.0,6536.0,56.68204,10.07074,https://www.boliga.dk/adresse/kongsdalparken-73-9550-mariager-1467178282
"Pakhusstrædet 4, 2. tv.",4220,Korsør,285000,Landejendom,75,3.0,1991,B,3,188.5,2628.0,2389.0,55.32902,11.14105,https://www.boliga.dk/adresse/pakhusstraedet-4-2-tv-4220-korsoer-1671174045
Fasanvej 54,7900,Nykøbing M,595000,Helårsgrund,88,3.0,1952,-,327,189.0,2534.0,2602.0,56.78416,8.85644,https://www.boliga.dk/adresse/fasanvej-54-7900-nykoebing-m-796112161
Bakken 8,9560,Hadsund,595000,Fritidshus,115,5.0,1935,D,60,189.0,6000.0,854.0,56.75438,10.29427,https://www.boliga.dk/adresse/bakken-8-9560-hadsund-963557706
"Halsvej 56, Nørreby Hals",5400,Bogense,1995000,Villalejlighed,290,7.0,1844,F,638,189.1,5566.0,11517.0,55.60492,10.27065,https://www.boliga.dk/adresse/halsvej-56-5400-bogense-470319879
Orebyvej 143,4990,Sakskøbing,399000,Helårsgrund,0,0.0,0,-,2292,189.1,969.0,2235.0,54.81006,11.62733,https://www.boliga.dk/adresse/orebyvej-143-4990-sakskoebing-950537025
Vester Fælled 178 (H2),6893,Hemmet,525000,Fritidshus,44,3.0,1979,-,60,189.9,3096.0,812.0,55.84491,8.2782,https://www.boliga.dk/adresse/vester-faelled-178-6893-hemmet-114995533
Vodbindervej 13,9900,Frederikshavn,450000,Helårsgrund,102,4.0,1888,E,672,190.0,1258.0,3167.0,57.41674,10.5244,https://www.boliga.dk/adresse/vodbindervej-13-9900-frederikshavn-1110963146
"Mosesvinget 6, Vibæk Strand",8400,Ebeltoft,895000,Helårsgrund,0,0.0,0,-,126,190.1,4271.0,338.0,56.22295,10.66696,https://www.boliga.dk/adresse/mosesvinget-6-8400-ebeltoft-326884481
Nørregade 6,6960,Hvide Sande,1345000,Helårsgrund,96,3.0,1960,C,179,190.6,725.0,332.0,56.00627,8.13023,https://www.boliga.dk/adresse/noerregade-6-6960-hvide-sande-407399756
"Smedegade 5, 1. A",7600,Struer,175000,Landejendom,111,3.0,2000,B,279,190.6,3419.0,645.0,56.49096,8.59495,https://www.boliga.dk/adresse/smedegade-5-1-a-7600-struer-655746663
"Transvej 10, Ferring",7620,Lemvig,795000,Helårsgrund,0,0.0,0,-,363,191.7,3587.0,390.0,56.5253,8.11968,https://www.boliga.dk/adresse/transvej-10-7620-lemvig-1322633325
"Hammershusvej 24, Sandvig",3770,Allinge,2400000,Fritidsgrund,0,0.0,0,-,424,191.9,7413.0,2339.0,55.28797,14.77752,https://www.boliga.dk/adresse/hammershusvej-24-3770-allinge-1694789521
Smuglerstien 27,8400,Ebeltoft,1195000,Landejendom,89,3.0,2005,C,6,191.9,2388.0,2016.0,56.20231,10.67962,https://www.boliga.dk/adresse/smuglerstien-27-8400-ebeltoft-758294482
"Obelsvej 15, Halsskov",4220,Korsør,675000,Villa/Parcelhus,100,4.0,1918,D,61,192.5,1452.0,1442.0,55.33794,11.13023,https://www.boliga.dk/adresse/obelsvej-15-4220-korsoer-1259584980
Smuglerstien 9E,8400,Ebeltoft,1095000,Landejendom,85,3.0,2005,b,356,192.5,2387.0,2071.0,56.20182,10.67939,https://www.boliga.dk/adresse/smuglerstien-9e-8400-ebeltoft-1472038937
"Ternevej 2, Østerby Havn",9940,Læsø,545000,Fritidshus,142,6.0,1934,F,258,193.0,15123.0,10404.0,57.31895,11.12647,https://www.boliga.dk/adresse/ternevej-2-9940-laesoe-1012788576
Guldborghave 104,4862,Guldborg,120000,Helårsgrund,0,0.0,0,-,603,194.4,2309.0,7790.0,54.87106,11.74172,https://www.boliga.dk/adresse/guldborghave-104-4862-guldborg-1359248721
Hanstholmvej 10,7900,Nykøbing M,2395000,Villa/Parcelhus,263,7.0,1877,D,48,196.0,1563.0,6688.0,56.91,8.82783,https://www.boliga.dk/adresse/hanstholmvej-10-7900-nykoebing-m-229344550
Rummes Agre 57,5985,Søby Ærø,350000,Fritidsgrund,0,0.0,0,-,662,196.9,9518.0,1027.0,54.93959,10.26199,https://www.boliga.dk/adresse/rummes-agre-57-5985-soeby-aeroe-1337706385
Mastrupvej 10,4592,Sejerø,600000,Fritidshus,105,5.0,1926,g,34,197.2,974.0,19510.0,55.88071,11.14346,https://www.boliga.dk/adresse/mastrupvej-10-4592-sejeroe-1677966031
"Remmerstrandvej 89C, Remmerstrand",7620,Lemvig,1500000,Fritidsgrund,0,0.0,0,-,4,198.8,3120.0,8919.0,56.55077,8.48606,https://www.boliga.dk/adresse/remmerstrandvej-89c-7620-lemvig-1799932711
Stubbegårdsparken 227,4900,Nakskov,199000,Fritidsgrund,0,0.0,0,-,263,199.1,1666.0,10467.0,54.74923,11.05815,https://www.boliga.dk/adresse/stubbegaardsparken-227-4900-nakskov-302857267
"Remmerstrandvej 105C, Gudum",7620,Lemvig,595000,Fritidsgrund,0,0.0,0,-,1873,199.7,3120.0,8918.0,56.55076,8.48606,https://www.boliga.dk/adresse/remmerstrandvej-105c-7620-lemvig-1918866677
"Remmerstrandvej 105D, Gudum",7620,Lemvig,795000,Fritidsgrund,0,0.0,0,-,1873,199.7,3120.0,8918.0,56.55076,8.48606,https://www.boliga.dk/adresse/remmerstrandvej-105d-7620-lemvig-2001280891
"Remmerstrandvej 105B, Gudum",7620,Lemvig,595000,Fritidsgrund,0,0.0,0,-,1873,199.7,3120.0,8918.0,56.55076,8.48606,https://www.boliga.dk/adresse/remmerstrandvej-105b-7620-lemvig-1100253387
"Remmerstrandvej 105A, Gudum",7620,Lemvig,995000,Fritidsgrund,0,0.0,0,-,1873,199.7,3120.0,8918.0,56.55076,8.48606,https://www.boliga.dk/adresse/remmerstrandvej-105a-7620-lemvig-1392004938
"Remmerstrandvej 89B, Gudum",7620,Lemvig,995000,Fritidsgrund,0,0.0,0,-,1873,199.7,3120.0,8918.0,56.55076,8.48606,https://www.boliga.dk/adresse/remmerstrandvej-89b-7620-lemvig-427575355
"Remmerstrandvej 89A, Gudum",7620,Lemvig,895000,Fritidsgrund,0,0.0,0,-,1873,199.7,3120.0,8918.0,56.55076,8.48606,https://www.boliga.dk/adresse/remmerstrandvej-89a-7620-lemvig-1663264281
